sample_source,mean_mehg,sd_mehg
Wild,36.39117741,25.03313815
Farmed,10.3578685,3.13378106
