sample_source,mean_mehg,sd_mehg
Wild,41.63092211,25.08426355
Farmed,12.8293727,6.936987869
