sample_source,mean_mehg,sd_mehg
Wild,30.85418634,29.47012475
Farmed,5.212815625,1.624071956
