Variable,Interaction
collection_year,0.084353149
trophic_class,0.035555427
trophic_level,0.277342928
weight,0.320810528
tp,0.120248983
wind,0.058943243
pev,0.099377059
ssrd,0.125620201
Hg_emission,0.060963779
CH4_emission,0.11537445
Tx30day,0.146800191
